<?xml version="1.0" encoding="UTF-8"?>
<zabbix_export>
    <version>3.4</version>
    <date>2018-08-28T04:37:07Z</date>
    <groups>
        <group>
            <name>Templates</name>
        </group>
    </groups>
    <templates>
        <template>
            <template>Cloudwatch Template</template>
            <name>Cloudwatch Template</name>
            <description/>
            <groups>
                <group>
                    <name>Templates</name>
                </group>
            </groups>
            <applications>
                <application>
                    <name>CPU</name>
                </application>
                <application>
                    <name>ELB</name>
                </application>
                <application>
                    <name>ELBv2</name>
                </application>
                <application>
                    <name>EMR</name>
                </application>
                <application>
                    <name>RDS CPU</name>
                </application>
                <application>
                    <name>RDS Storage</name>
                </application>
                <application>
                    <name>S3</name>
                </application>
                <application>
                    <name>System health</name>
                </application>
            </applications>
            <items/>
            <discovery_rules>
                <discovery_rule>
                    <name>EC2 Discovery</name>
                    <type>10</type>
                    <snmp_community/>
                    <snmp_oid/>
                    <key>aws.discovery[ec2,{$REGION},{$ACCOUNT}]</key>
                    <delay>3600</delay>
                    <status>0</status>
                    <allowed_hosts/>
                    <snmpv3_contextname/>
                    <snmpv3_securityname/>
                    <snmpv3_securitylevel>0</snmpv3_securitylevel>
                    <snmpv3_authprotocol>0</snmpv3_authprotocol>
                    <snmpv3_authpassphrase/>
                    <snmpv3_privprotocol>0</snmpv3_privprotocol>
                    <snmpv3_privpassphrase/>
                    <params/>
                    <ipmi_sensor/>
                    <authtype>0</authtype>
                    <username/>
                    <password/>
                    <publickey/>
                    <privatekey/>
                    <port/>
                    <filter>
                        <evaltype>0</evaltype>
                        <formula/>
                        <conditions/>
                    </filter>
                    <lifetime>0</lifetime>
                    <description/>
                    <item_prototypes>
                        <item_prototype>
                            <name>CPU Usage {#NAME}</name>
                            <type>10</type>
                            <snmp_community/>
                            <snmp_oid/>
                            <key>cloudwatch.metric[600,CPUUtilization,AWS/EC2,Average,{$REGION},InstanceId={#INSTANCE_ID},{$ACCOUNT}]</key>
                            <delay>600</delay>
                            <history>90d</history>
                            <trends>365d</trends>
                            <status>0</status>
                            <value_type>0</value_type>
                            <allowed_hosts/>
                            <units>%</units>
                            <snmpv3_contextname/>
                            <snmpv3_securityname/>
                            <snmpv3_securitylevel>0</snmpv3_securitylevel>
                            <snmpv3_authprotocol>0</snmpv3_authprotocol>
                            <snmpv3_authpassphrase/>
                            <snmpv3_privprotocol>0</snmpv3_privprotocol>
                            <snmpv3_privpassphrase/>
                            <params/>
                            <ipmi_sensor/>
                            <authtype>0</authtype>
                            <username/>
                            <password/>
                            <publickey/>
                            <privatekey/>
                            <port/>
                            <description/>
                            <inventory_link>0</inventory_link>
                            <applications>
                                <application>
                                    <name>CPU</name>
                                </application>
                            </applications>
                            <valuemap/>
                            <logtimefmt/>
                            <preprocessing/>
                            <jmx_endpoint/>
                            <application_prototypes/>
                            <master_item_prototype/>
                        </item_prototype>
                        <item_prototype>
                            <name>Instance health {#NAME}</name>
                            <type>10</type>
                            <snmp_community/>
                            <snmp_oid/>
                            <key>cloudwatch.metric[600,StatusCheckFailed_Instance,AWS/EC2,Maximum,{$REGION},InstanceId={#INSTANCE_ID},{$ACCOUNT}]</key>
                            <delay>300</delay>
                            <history>90d</history>
                            <trends>365d</trends>
                            <status>0</status>
                            <value_type>0</value_type>
                            <allowed_hosts/>
                            <units>fail(s)</units>
                            <snmpv3_contextname/>
                            <snmpv3_securityname/>
                            <snmpv3_securitylevel>0</snmpv3_securitylevel>
                            <snmpv3_authprotocol>0</snmpv3_authprotocol>
                            <snmpv3_authpassphrase/>
                            <snmpv3_privprotocol>0</snmpv3_privprotocol>
                            <snmpv3_privpassphrase/>
                            <params/>
                            <ipmi_sensor/>
                            <authtype>0</authtype>
                            <username/>
                            <password/>
                            <publickey/>
                            <privatekey/>
                            <port/>
                            <description/>
                            <inventory_link>0</inventory_link>
                            <applications>
                                <application>
                                    <name>System health</name>
                                </application>
                            </applications>
                            <valuemap/>
                            <logtimefmt/>
                            <preprocessing/>
                            <jmx_endpoint/>
                            <application_prototypes/>
                            <master_item_prototype/>
                        </item_prototype>
                        <item_prototype>
                            <name>Hypervisor health {#NAME}</name>
                            <type>10</type>
                            <snmp_community/>
                            <snmp_oid/>
                            <key>cloudwatch.metric[600,StatusCheckFailed_System,AWS/EC2,Maximum,{$REGION},InstanceId={#INSTANCE_ID},{$ACCOUNT}]</key>
                            <delay>600</delay>
                            <history>90d</history>
                            <trends>365d</trends>
                            <status>0</status>
                            <value_type>0</value_type>
                            <allowed_hosts/>
                            <units>fail(s)</units>
                            <snmpv3_contextname/>
                            <snmpv3_securityname/>
                            <snmpv3_securitylevel>0</snmpv3_securitylevel>
                            <snmpv3_authprotocol>0</snmpv3_authprotocol>
                            <snmpv3_authpassphrase/>
                            <snmpv3_privprotocol>0</snmpv3_privprotocol>
                            <snmpv3_privpassphrase/>
                            <params/>
                            <ipmi_sensor/>
                            <authtype>0</authtype>
                            <username/>
                            <password/>
                            <publickey/>
                            <privatekey/>
                            <port/>
                            <description/>
                            <inventory_link>0</inventory_link>
                            <applications>
                                <application>
                                    <name>System health</name>
                                </application>
                            </applications>
                            <valuemap/>
                            <logtimefmt/>
                            <preprocessing/>
                            <jmx_endpoint/>
                            <application_prototypes/>
                            <master_item_prototype/>
                        </item_prototype>
                    </item_prototypes>
                    <trigger_prototypes>
                        <trigger_prototype>
                            <expression>{Cloudwatch Template:cloudwatch.metric[600,StatusCheckFailed_System,AWS/EC2,Maximum,{$REGION},InstanceId={#INSTANCE_ID},{$ACCOUNT}].last()}&gt;0</expression>
                            <recovery_mode>0</recovery_mode>
                            <recovery_expression/>
                            <name>EC2: Hypervisor fail on {#NAME}</name>
                            <correlation_mode>0</correlation_mode>
                            <correlation_tag/>
                            <url/>
                            <status>0</status>
                            <priority>5</priority>
                            <description/>
                            <type>0</type>
                            <manual_close>0</manual_close>
                            <dependencies/>
                            <tags/>
                        </trigger_prototype>
                        <trigger_prototype>
                            <expression>{Cloudwatch Template:cloudwatch.metric[600,StatusCheckFailed_Instance,AWS/EC2,Maximum,{$REGION},InstanceId={#INSTANCE_ID},{$ACCOUNT}].min(#3)}&gt;0</expression>
                            <recovery_mode>0</recovery_mode>
                            <recovery_expression/>
                            <name>EC2: Instance fail on {#NAME}</name>
                            <correlation_mode>0</correlation_mode>
                            <correlation_tag/>
                            <url/>
                            <status>0</status>
                            <priority>4</priority>
                            <description/>
                            <type>0</type>
                            <manual_close>0</manual_close>
                            <dependencies/>
                            <tags/>
                        </trigger_prototype>
                        <trigger_prototype>
                            <expression>{Cloudwatch Template:cloudwatch.metric[600,CPUUtilization,AWS/EC2,Average,{$REGION},InstanceId={#INSTANCE_ID},{$ACCOUNT}].last()}=-1 or {Cloudwatch Template:cloudwatch.metric[600,StatusCheckFailed_System,AWS/EC2,Maximum,{$REGION},InstanceId={#INSTANCE_ID},{$ACCOUNT}].last()}=-1 or {Cloudwatch Template:cloudwatch.metric[600,StatusCheckFailed_Instance,AWS/EC2,Maximum,{$REGION},InstanceId={#INSTANCE_ID},{$ACCOUNT}].last()}=-1</expression>
                            <recovery_mode>0</recovery_mode>
                            <recovery_expression/>
                            <name>EC2: No datapoints for {#NAME}</name>
                            <correlation_mode>0</correlation_mode>
                            <correlation_tag/>
                            <url/>
                            <status>0</status>
                            <priority>1</priority>
                            <description>1. Your item is incorrectly configured (dimension, namespace, metric name could be wrong)&#13;
                                2. Instance was terminated and this item will disappear after next discovery</description>
                            <type>0</type>
                            <manual_close>0</manual_close>
                            <dependencies/>
                            <tags/>
                        </trigger_prototype>
                        <trigger_prototype>
                            <expression>{Cloudwatch Template:cloudwatch.metric[600,CPUUtilization,AWS/EC2,Average,{$REGION},InstanceId={#INSTANCE_ID},{$ACCOUNT}].last()}&gt;80</expression>
                            <recovery_mode>0</recovery_mode>
                            <recovery_expression/>
                            <name>EC2: {#NAME}: High CPU usage</name>
                            <correlation_mode>0</correlation_mode>
                            <correlation_tag/>
                            <url/>
                            <status>0</status>
                            <priority>2</priority>
                            <description>{ITEM.VALUE}</description>
                            <type>0</type>
                            <manual_close>0</manual_close>
                            <dependencies>
                                <dependency>
                                    <name>EC2: {#NAME}: High CPU usage for last 60 min</name>
                                    <expression>{Cloudwatch Template:cloudwatch.metric[600,CPUUtilization,AWS/EC2,Average,{$REGION},InstanceId={#INSTANCE_ID},{$ACCOUNT}].avg(60m)}&gt;80</expression>
                                    <recovery_expression/>
                                </dependency>
                            </dependencies>
                            <tags/>
                        </trigger_prototype>
                        <trigger_prototype>
                            <expression>{Cloudwatch Template:cloudwatch.metric[600,CPUUtilization,AWS/EC2,Average,{$REGION},InstanceId={#INSTANCE_ID},{$ACCOUNT}].avg(60m)}&gt;80</expression>
                            <recovery_mode>0</recovery_mode>
                            <recovery_expression/>
                            <name>EC2: {#NAME}: High CPU usage for last 60 min</name>
                            <correlation_mode>0</correlation_mode>
                            <correlation_tag/>
                            <url/>
                            <status>0</status>
                            <priority>3</priority>
                            <description>{ITEM.VALUE}</description>
                            <type>0</type>
                            <manual_close>0</manual_close>
                            <dependencies/>
                            <tags/>
                        </trigger_prototype>
                    </trigger_prototypes>
                    <graph_prototypes/>
                    <host_prototypes/>
                    <jmx_endpoint/>
                </discovery_rule>
                <discovery_rule>
                    <name>ELB Discovery</name>
                    <type>10</type>
                    <snmp_community/>
                    <snmp_oid/>
                    <key>aws.discovery[elb,{$REGION},{$ACCOUNT}]</key>
                    <delay>3600</delay>
                    <status>0</status>
                    <allowed_hosts/>
                    <snmpv3_contextname/>
                    <snmpv3_securityname/>
                    <snmpv3_securitylevel>0</snmpv3_securitylevel>
                    <snmpv3_authprotocol>0</snmpv3_authprotocol>
                    <snmpv3_authpassphrase/>
                    <snmpv3_privprotocol>0</snmpv3_privprotocol>
                    <snmpv3_privpassphrase/>
                    <params/>
                    <ipmi_sensor/>
                    <authtype>0</authtype>
                    <username/>
                    <password/>
                    <publickey/>
                    <privatekey/>
                    <port/>
                    <filter>
                        <evaltype>0</evaltype>
                        <formula/>
                        <conditions/>
                    </filter>
                    <lifetime>0</lifetime>
                    <description/>
                    <item_prototypes>
                        <item_prototype>
                            <name>{#BALANCER_NAME} UnHealthyHostCount</name>
                            <type>10</type>
                            <snmp_community/>
                            <snmp_oid/>
                            <key>cloudwatch.metric[600,UnHealthyHostCount,AWS/ELB,Maximum,{$REGION},LoadBalancerName={#BALANCER_NAME},{$ACCOUNT}]</key>
                            <delay>300</delay>
                            <history>30d</history>
                            <trends>60d</trends>
                            <status>0</status>
                            <value_type>0</value_type>
                            <allowed_hosts/>
                            <units>hosts</units>
                            <snmpv3_contextname/>
                            <snmpv3_securityname/>
                            <snmpv3_securitylevel>0</snmpv3_securitylevel>
                            <snmpv3_authprotocol>0</snmpv3_authprotocol>
                            <snmpv3_authpassphrase/>
                            <snmpv3_privprotocol>0</snmpv3_privprotocol>
                            <snmpv3_privpassphrase/>
                            <params/>
                            <ipmi_sensor/>
                            <authtype>0</authtype>
                            <username/>
                            <password/>
                            <publickey/>
                            <privatekey/>
                            <port/>
                            <description/>
                            <inventory_link>0</inventory_link>
                            <applications>
                                <application>
                                    <name>ELB</name>
                                </application>
                            </applications>
                            <valuemap/>
                            <logtimefmt/>
                            <preprocessing/>
                            <jmx_endpoint/>
                            <application_prototypes/>
                            <master_item_prototype/>
                        </item_prototype>
                        <item_prototype>
                            <name>{#BALANCER_NAME} active instances</name>
                            <type>15</type>
                            <snmp_community/>
                            <snmp_oid/>
                            <key>instances[{#BALANCER_NAME}]</key>
                            <delay>1800</delay>
                            <history>30d</history>
                            <trends>60d</trends>
                            <status>0</status>
                            <value_type>3</value_type>
                            <allowed_hosts/>
                            <units/>
                            <snmpv3_contextname/>
                            <snmpv3_securityname/>
                            <snmpv3_securitylevel>0</snmpv3_securitylevel>
                            <snmpv3_authprotocol>0</snmpv3_authprotocol>
                            <snmpv3_authpassphrase/>
                            <snmpv3_privprotocol>0</snmpv3_privprotocol>
                            <snmpv3_privpassphrase/>
                            <params>{#INSTANCES_COUNT}</params>
                            <ipmi_sensor/>
                            <authtype>0</authtype>
                            <username/>
                            <password/>
                            <publickey/>
                            <privatekey/>
                            <port/>
                            <description/>
                            <inventory_link>0</inventory_link>
                            <applications>
                                <application>
                                    <name>ELB</name>
                                </application>
                            </applications>
                            <valuemap/>
                            <logtimefmt/>
                            <preprocessing/>
                            <jmx_endpoint/>
                            <application_prototypes/>
                            <master_item_prototype/>
                        </item_prototype>
                    </item_prototypes>
                    <trigger_prototypes>
                        <trigger_prototype>
                            <expression>{Cloudwatch Template:instances[{#BALANCER_NAME}].last()}=0</expression>
                            <recovery_mode>0</recovery_mode>
                            <recovery_expression/>
                            <name>ELB: {#BALANCER_NAME} has no active instances</name>
                            <correlation_mode>0</correlation_mode>
                            <correlation_tag/>
                            <url/>
                            <status>0</status>
                            <priority>1</priority>
                            <description>This might be due to degraded instances or balancer being inactive.</description>
                            <type>0</type>
                            <manual_close>0</manual_close>
                            <dependencies/>
                            <tags/>
                        </trigger_prototype>
                        <trigger_prototype>
                            <expression>{Cloudwatch Template:cloudwatch.metric[600,UnHealthyHostCount,AWS/ELB,Maximum,{$REGION},LoadBalancerName={#BALANCER_NAME},{$ACCOUNT}].min(#3)}&gt;0</expression>
                            <recovery_mode>0</recovery_mode>
                            <recovery_expression/>
                            <name>ELB: {#BALANCER_NAME} unhealthy nodes</name>
                            <correlation_mode>0</correlation_mode>
                            <correlation_tag/>
                            <url/>
                            <status>0</status>
                            <priority>4</priority>
                            <description>{ITEM.VALUE}</description>
                            <type>0</type>
                            <manual_close>0</manual_close>
                            <dependencies/>
                            <tags/>
                        </trigger_prototype>
                    </trigger_prototypes>
                    <graph_prototypes/>
                    <host_prototypes/>
                    <jmx_endpoint/>
                </discovery_rule>
                <discovery_rule>
                    <name>ELBv2 Discovery</name>
                    <type>10</type>
                    <snmp_community/>
                    <snmp_oid/>
                    <key>aws.discovery[elbv2,{$REGION},{$ACCOUNT}]</key>
                    <delay>3600</delay>
                    <status>0</status>
                    <allowed_hosts/>
                    <snmpv3_contextname/>
                    <snmpv3_securityname/>
                    <snmpv3_securitylevel>0</snmpv3_securitylevel>
                    <snmpv3_authprotocol>0</snmpv3_authprotocol>
                    <snmpv3_authpassphrase/>
                    <snmpv3_privprotocol>0</snmpv3_privprotocol>
                    <snmpv3_privpassphrase/>
                    <params/>
                    <ipmi_sensor/>
                    <authtype>0</authtype>
                    <username/>
                    <password/>
                    <publickey/>
                    <privatekey/>
                    <port/>
                    <filter>
                        <evaltype>0</evaltype>
                        <formula/>
                        <conditions/>
                    </filter>
                    <lifetime>0</lifetime>
                    <description>AWS Application Load Balancer (or ELB v2) discovery rules.&#13;
                        &#13;
                        https://docs.aws.amazon.com/elasticloadbalancing/latest/application/introduction.html</description>
                    <item_prototypes>
                        <item_prototype>
                            <name>ELBv2: {#TARGET_GROUP_LOAD_BALANCER_NAME} {#TARGET_GROUP_NAME} UnHealthyHostCount</name>
                            <type>10</type>
                            <snmp_community/>
                            <snmp_oid/>
                            <key>cloudwatch.metric[120,UnHealthyHostCount,AWS/ApplicationELB,Maximum,{$REGION},&quot;LoadBalancer={#TARGET_GROUP_LOAD_BALANCER_ARN},TargetGroup={#TARGET_GROUP_ARN}&quot;,{$ACCOUNT}]</key>
                            <delay>120</delay>
                            <history>30d</history>
                            <trends>60d</trends>
                            <status>0</status>
                            <value_type>0</value_type>
                            <allowed_hosts/>
                            <units>hosts</units>
                            <snmpv3_contextname/>
                            <snmpv3_securityname/>
                            <snmpv3_securitylevel>0</snmpv3_securitylevel>
                            <snmpv3_authprotocol>0</snmpv3_authprotocol>
                            <snmpv3_authpassphrase/>
                            <snmpv3_privprotocol>0</snmpv3_privprotocol>
                            <snmpv3_privpassphrase/>
                            <params/>
                            <ipmi_sensor/>
                            <authtype>0</authtype>
                            <username/>
                            <password/>
                            <publickey/>
                            <privatekey/>
                            <port/>
                            <description/>
                            <inventory_link>0</inventory_link>
                            <applications>
                                <application>
                                    <name>ELBv2</name>
                                </application>
                            </applications>
                            <valuemap/>
                            <logtimefmt/>
                            <preprocessing/>
                            <jmx_endpoint/>
                            <application_prototypes/>
                            <master_item_prototype/>
                        </item_prototype>
                        <item_prototype>
                            <name>ELBv2: {#TARGET_GROUP_LOAD_BALANCER_NAME} target group {#TARGET_GROUP_NAME} total targets</name>
                            <type>15</type>
                            <snmp_community/>
                            <snmp_oid/>
                            <key>instances[{#TARGET_GROUP_LOAD_BALANCER_NAME}][{#TARGET_GROUP_NAME}]</key>
                            <delay>3600</delay>
                            <history>30d</history>
                            <trends>60d</trends>
                            <status>0</status>
                            <value_type>3</value_type>
                            <allowed_hosts/>
                            <units/>
                            <snmpv3_contextname/>
                            <snmpv3_securityname/>
                            <snmpv3_securitylevel>0</snmpv3_securitylevel>
                            <snmpv3_authprotocol>0</snmpv3_authprotocol>
                            <snmpv3_authpassphrase/>
                            <snmpv3_privprotocol>0</snmpv3_privprotocol>
                            <snmpv3_privpassphrase/>
                            <params>{#TARGET_COUNT}</params>
                            <ipmi_sensor/>
                            <authtype>0</authtype>
                            <username/>
                            <password/>
                            <publickey/>
                            <privatekey/>
                            <port/>
                            <description/>
                            <inventory_link>0</inventory_link>
                            <applications>
                                <application>
                                    <name>ELBv2</name>
                                </application>
                            </applications>
                            <valuemap/>
                            <logtimefmt/>
                            <preprocessing/>
                            <jmx_endpoint/>
                            <application_prototypes/>
                            <master_item_prototype/>
                        </item_prototype>
                    </item_prototypes>
                    <trigger_prototypes>
                        <trigger_prototype>
                            <expression>{Cloudwatch Template:instances[{#TARGET_GROUP_LOAD_BALANCER_NAME}][{#TARGET_GROUP_NAME}].last()}=-1</expression>
                            <recovery_mode>0</recovery_mode>
                            <recovery_expression/>
                            <name>ELBv2: No data points for {#TARGET_GROUP_LOAD_BALANCER_NAME} target {#TARGET_GROUP_NAME}</name>
                            <correlation_mode>0</correlation_mode>
                            <correlation_tag/>
                            <url/>
                            <status>0</status>
                            <priority>1</priority>
                            <description>1. Your item is incorrectly configured (dimension, namespace, metric name could be wrong)&#13;
                                2. Instance was terminated and this item will disappear after next discovery</description>
                            <type>0</type>
                            <manual_close>0</manual_close>
                            <dependencies/>
                            <tags/>
                        </trigger_prototype>
                        <trigger_prototype>
                            <expression>{Cloudwatch Template:instances[{#TARGET_GROUP_LOAD_BALANCER_NAME}][{#TARGET_GROUP_NAME}].last()}=0</expression>
                            <recovery_mode>0</recovery_mode>
                            <recovery_expression/>
                            <name>ELBv2: {#TARGET_GROUP_LOAD_BALANCER_NAME} target group {#TARGET_GROUP_NAME} has no active instances</name>
                            <correlation_mode>0</correlation_mode>
                            <correlation_tag/>
                            <url/>
                            <status>0</status>
                            <priority>1</priority>
                            <description/>
                            <type>0</type>
                            <manual_close>0</manual_close>
                            <dependencies/>
                            <tags/>
                        </trigger_prototype>
                        <trigger_prototype>
                            <expression>{Cloudwatch Template:cloudwatch.metric[120,UnHealthyHostCount,AWS/ApplicationELB,Maximum,{$REGION},&quot;LoadBalancer={#TARGET_GROUP_LOAD_BALANCER_ARN},TargetGroup={#TARGET_GROUP_ARN}&quot;,{$ACCOUNT}].last()}&gt;0</expression>
                            <recovery_mode>0</recovery_mode>
                            <recovery_expression/>
                            <name>ELBv2: {#TARGET_GROUP_LOAD_BALANCER_NAME} target group {#TARGET_GROUP_NAME} unhealthy nodes</name>
                            <correlation_mode>0</correlation_mode>
                            <correlation_tag/>
                            <url/>
                            <status>0</status>
                            <priority>4</priority>
                            <description/>
                            <type>0</type>
                            <manual_close>0</manual_close>
                            <dependencies/>
                            <tags/>
                        </trigger_prototype>
                    </trigger_prototypes>
                    <graph_prototypes>
                        <graph_prototype>
                            <name>ELBv2 {#TARGET_GROUP_LOAD_BALANCER_NAME} {#TARGET_GROUP_NAME} UnHealthyHostCount</name>
                            <width>900</width>
                            <height>200</height>
                            <yaxismin>0.0000</yaxismin>
                            <yaxismax>100.0000</yaxismax>
                            <show_work_period>1</show_work_period>
                            <show_triggers>1</show_triggers>
                            <type>0</type>
                            <show_legend>1</show_legend>
                            <show_3d>0</show_3d>
                            <percent_left>0.0000</percent_left>
                            <percent_right>0.0000</percent_right>
                            <ymin_type_1>0</ymin_type_1>
                            <ymax_type_1>0</ymax_type_1>
                            <ymin_item_1>0</ymin_item_1>
                            <ymax_item_1>0</ymax_item_1>
                            <graph_items>
                                <graph_item>
                                    <sortorder>0</sortorder>
                                    <drawtype>0</drawtype>
                                    <color>1A7C11</color>
                                    <yaxisside>0</yaxisside>
                                    <calc_fnc>2</calc_fnc>
                                    <type>0</type>
                                    <item>
                                        <host>Cloudwatch Template</host>
                                        <key>cloudwatch.metric[120,UnHealthyHostCount,AWS/ApplicationELB,Maximum,{$REGION},&quot;LoadBalancer={#TARGET_GROUP_LOAD_BALANCER_ARN},TargetGroup={#TARGET_GROUP_ARN}&quot;,{$ACCOUNT}]</key>
                                    </item>
                                </graph_item>
                            </graph_items>
                        </graph_prototype>
                    </graph_prototypes>
                    <host_prototypes/>
                    <jmx_endpoint/>
                </discovery_rule>
                <discovery_rule>
                    <name>EMR discovery</name>
                    <type>10</type>
                    <snmp_community/>
                    <snmp_oid/>
                    <key>aws.discovery[emr,{$REGION},{$ACCOUNT}]</key>
                    <delay>3600</delay>
                    <status>0</status>
                    <allowed_hosts/>
                    <snmpv3_contextname/>
                    <snmpv3_securityname/>
                    <snmpv3_securitylevel>0</snmpv3_securitylevel>
                    <snmpv3_authprotocol>0</snmpv3_authprotocol>
                    <snmpv3_authpassphrase/>
                    <snmpv3_privprotocol>0</snmpv3_privprotocol>
                    <snmpv3_privpassphrase/>
                    <params/>
                    <ipmi_sensor/>
                    <authtype>0</authtype>
                    <username/>
                    <password/>
                    <publickey/>
                    <privatekey/>
                    <port/>
                    <filter>
                        <evaltype>0</evaltype>
                        <formula/>
                        <conditions/>
                    </filter>
                    <lifetime>0</lifetime>
                    <description/>
                    <item_prototypes>
                        <item_prototype>
                            <name>{#CLUSTER_NAME} failed apps</name>
                            <type>10</type>
                            <snmp_community/>
                            <snmp_oid/>
                            <key>cloudwatch.metric[600,AppsFailed,AWS/ElasticMapReduce,Average,{$REGION},JobFlowId={#CLUSTER_ID},{$ACCOUNT}]</key>
                            <delay>300</delay>
                            <history>30d</history>
                            <trends>365d</trends>
                            <status>0</status>
                            <value_type>0</value_type>
                            <allowed_hosts/>
                            <units>app(s)</units>
                            <snmpv3_contextname/>
                            <snmpv3_securityname/>
                            <snmpv3_securitylevel>0</snmpv3_securitylevel>
                            <snmpv3_authprotocol>0</snmpv3_authprotocol>
                            <snmpv3_authpassphrase/>
                            <snmpv3_privprotocol>0</snmpv3_privprotocol>
                            <snmpv3_privpassphrase/>
                            <params/>
                            <ipmi_sensor/>
                            <authtype>0</authtype>
                            <username/>
                            <password/>
                            <publickey/>
                            <privatekey/>
                            <port/>
                            <description/>
                            <inventory_link>0</inventory_link>
                            <applications>
                                <application>
                                    <name>EMR</name>
                                </application>
                            </applications>
                            <valuemap/>
                            <logtimefmt/>
                            <preprocessing/>
                            <jmx_endpoint/>
                            <application_prototypes/>
                            <master_item_prototype/>
                        </item_prototype>
                        <item_prototype>
                            <name>{#CLUSTER_NAME} HDFS utilization</name>
                            <type>10</type>
                            <snmp_community/>
                            <snmp_oid/>
                            <key>cloudwatch.metric[600,HDFSUtilization,AWS/ElasticMapReduce,Average,{$REGION},JobFlowId={#CLUSTER_ID},{$ACCOUNT}]</key>
                            <delay>300</delay>
                            <history>30d</history>
                            <trends>365d</trends>
                            <status>0</status>
                            <value_type>0</value_type>
                            <allowed_hosts/>
                            <units>%</units>
                            <snmpv3_contextname/>
                            <snmpv3_securityname/>
                            <snmpv3_securitylevel>0</snmpv3_securitylevel>
                            <snmpv3_authprotocol>0</snmpv3_authprotocol>
                            <snmpv3_authpassphrase/>
                            <snmpv3_privprotocol>0</snmpv3_privprotocol>
                            <snmpv3_privpassphrase/>
                            <params/>
                            <ipmi_sensor/>
                            <authtype>0</authtype>
                            <username/>
                            <password/>
                            <publickey/>
                            <privatekey/>
                            <port/>
                            <description/>
                            <inventory_link>0</inventory_link>
                            <applications>
                                <application>
                                    <name>EMR</name>
                                </application>
                            </applications>
                            <valuemap/>
                            <logtimefmt/>
                            <preprocessing/>
                            <jmx_endpoint/>
                            <application_prototypes/>
                            <master_item_prototype/>
                        </item_prototype>
                        <item_prototype>
                            <name>{#CLUSTER_NAME} unhealthy nodes</name>
                            <type>10</type>
                            <snmp_community/>
                            <snmp_oid/>
                            <key>cloudwatch.metric[600,MRUnhealthyNodes,AWS/ElasticMapReduce,Average,{$REGION},JobFlowId={#CLUSTER_ID},{$ACCOUNT}]</key>
                            <delay>300</delay>
                            <history>30d</history>
                            <trends>365d</trends>
                            <status>0</status>
                            <value_type>0</value_type>
                            <allowed_hosts/>
                            <units>node(s)</units>
                            <snmpv3_contextname/>
                            <snmpv3_securityname/>
                            <snmpv3_securitylevel>0</snmpv3_securitylevel>
                            <snmpv3_authprotocol>0</snmpv3_authprotocol>
                            <snmpv3_authpassphrase/>
                            <snmpv3_privprotocol>0</snmpv3_privprotocol>
                            <snmpv3_privpassphrase/>
                            <params/>
                            <ipmi_sensor/>
                            <authtype>0</authtype>
                            <username/>
                            <password/>
                            <publickey/>
                            <privatekey/>
                            <port/>
                            <description/>
                            <inventory_link>0</inventory_link>
                            <applications>
                                <application>
                                    <name>EMR</name>
                                </application>
                            </applications>
                            <valuemap/>
                            <logtimefmt/>
                            <preprocessing/>
                            <jmx_endpoint/>
                            <application_prototypes/>
                            <master_item_prototype/>
                        </item_prototype>
                    </item_prototypes>
                    <trigger_prototypes>
                        <trigger_prototype>
                            <expression>{Cloudwatch Template:cloudwatch.metric[600,MRUnhealthyNodes,AWS/ElasticMapReduce,Average,{$REGION},JobFlowId={#CLUSTER_ID},{$ACCOUNT}].last()}&gt;0</expression>
                            <recovery_mode>0</recovery_mode>
                            <recovery_expression/>
                            <name>EMR: Unhealthy nodes in {#CLUSTER_NAME}</name>
                            <correlation_mode>0</correlation_mode>
                            <correlation_tag/>
                            <url/>
                            <status>0</status>
                            <priority>5</priority>
                            <description>{ITEM.VALUE}</description>
                            <type>0</type>
                            <manual_close>0</manual_close>
                            <dependencies/>
                            <tags/>
                        </trigger_prototype>
                        <trigger_prototype>
                            <expression>(({TRIGGER.VALUE}=0 and {Cloudwatch Template:cloudwatch.metric[600,AppsFailed,AWS/ElasticMapReduce,Average,{$REGION},JobFlowId={#CLUSTER_ID},{$ACCOUNT}].last()}&gt;0 and {Cloudwatch Template:cloudwatch.metric[600,AppsFailed,AWS/ElasticMapReduce,Average,{$REGION},JobFlowId={#CLUSTER_ID},{$ACCOUNT}].change()}&gt;0) or ({TRIGGER.VALUE}=1 and {Cloudwatch Template:cloudwatch.metric[600,AppsFailed,AWS/ElasticMapReduce,Average,{$REGION},JobFlowId={#CLUSTER_ID},{$ACCOUNT}].delta(#4)}&gt;0))</expression>
                            <recovery_mode>0</recovery_mode>
                            <recovery_expression/>
                            <name>EMR: {#CLUSTER_NAME} has new failed YARN apps</name>
                            <correlation_mode>0</correlation_mode>
                            <correlation_tag/>
                            <url/>
                            <status>0</status>
                            <priority>4</priority>
                            <description>{ITEM.VALUE}</description>
                            <type>0</type>
                            <manual_close>0</manual_close>
                            <dependencies/>
                            <tags/>
                        </trigger_prototype>
                        <trigger_prototype>
                            <expression>{Cloudwatch Template:cloudwatch.metric[600,HDFSUtilization,AWS/ElasticMapReduce,Average,{$REGION},JobFlowId={#CLUSTER_ID},{$ACCOUNT}].last()}=-1 or {Cloudwatch Template:cloudwatch.metric[600,MRUnhealthyNodes,AWS/ElasticMapReduce,Average,{$REGION},JobFlowId={#CLUSTER_ID},{$ACCOUNT}].last()}=-1</expression>
                            <recovery_mode>0</recovery_mode>
                            <recovery_expression/>
                            <name>EMR: {#CLUSTER_NAME} has no datapoints</name>
                            <correlation_mode>0</correlation_mode>
                            <correlation_tag/>
                            <url/>
                            <status>0</status>
                            <priority>1</priority>
                            <description>1. Your item is incorrectly configured (dimension, namespace, metric name could be wrong)&#13;
                                2. Instance was terminated and this item will disappear after next discovery</description>
                            <type>0</type>
                            <manual_close>0</manual_close>
                            <dependencies/>
                            <tags/>
                        </trigger_prototype>
                        <trigger_prototype>
                            <expression>{Cloudwatch Template:cloudwatch.metric[600,HDFSUtilization,AWS/ElasticMapReduce,Average,{$REGION},JobFlowId={#CLUSTER_ID},{$ACCOUNT}].avg(#2)}&gt;80</expression>
                            <recovery_mode>0</recovery_mode>
                            <recovery_expression/>
                            <name>EMR: {#CLUSTER_NAME} high HDFS usage</name>
                            <correlation_mode>0</correlation_mode>
                            <correlation_tag/>
                            <url/>
                            <status>0</status>
                            <priority>4</priority>
                            <description>{ITEM.VALUE}</description>
                            <type>0</type>
                            <manual_close>0</manual_close>
                            <dependencies/>
                            <tags/>
                        </trigger_prototype>
                    </trigger_prototypes>
                    <graph_prototypes/>
                    <host_prototypes/>
                    <jmx_endpoint/>
                </discovery_rule>
                <discovery_rule>
                    <name>RDS discovery</name>
                    <type>10</type>
                    <snmp_community/>
                    <snmp_oid/>
                    <key>aws.discovery[rds,{$REGION},{$ACCOUNT}]</key>
                    <delay>3600;3600/1-5,00:00-24:00;21600/6-7,00:00-24:00</delay>
                    <status>0</status>
                    <allowed_hosts/>
                    <snmpv3_contextname/>
                    <snmpv3_securityname/>
                    <snmpv3_securitylevel>0</snmpv3_securitylevel>
                    <snmpv3_authprotocol>0</snmpv3_authprotocol>
                    <snmpv3_authpassphrase/>
                    <snmpv3_privprotocol>0</snmpv3_privprotocol>
                    <snmpv3_privpassphrase/>
                    <params/>
                    <ipmi_sensor/>
                    <authtype>0</authtype>
                    <username/>
                    <password/>
                    <publickey/>
                    <privatekey/>
                    <port/>
                    <filter>
                        <evaltype>0</evaltype>
                        <formula/>
                        <conditions/>
                    </filter>
                    <lifetime>0</lifetime>
                    <description/>
                    <item_prototypes>
                        <item_prototype>
                            <name>{#RDS_ID} CPU usage</name>
                            <type>10</type>
                            <snmp_community/>
                            <snmp_oid/>
                            <key>cloudwatch.metric[600,CPUUtilization,AWS/RDS,Average,{$REGION},DBInstanceIdentifier={#RDS_ID},{$ACCOUNT}]</key>
                            <delay>600</delay>
                            <history>90d</history>
                            <trends>365d</trends>
                            <status>0</status>
                            <value_type>0</value_type>
                            <allowed_hosts/>
                            <units>%</units>
                            <snmpv3_contextname/>
                            <snmpv3_securityname/>
                            <snmpv3_securitylevel>0</snmpv3_securitylevel>
                            <snmpv3_authprotocol>0</snmpv3_authprotocol>
                            <snmpv3_authpassphrase/>
                            <snmpv3_privprotocol>0</snmpv3_privprotocol>
                            <snmpv3_privpassphrase/>
                            <params/>
                            <ipmi_sensor/>
                            <authtype>0</authtype>
                            <username/>
                            <password/>
                            <publickey/>
                            <privatekey/>
                            <port/>
                            <description/>
                            <inventory_link>0</inventory_link>
                            <applications>
                                <application>
                                    <name>RDS CPU</name>
                                </application>
                            </applications>
                            <valuemap/>
                            <logtimefmt/>
                            <preprocessing/>
                            <jmx_endpoint/>
                            <application_prototypes/>
                            <master_item_prototype/>
                        </item_prototype>
                        <item_prototype>
                            <name>{#RDS_ID} free storage space</name>
                            <type>10</type>
                            <snmp_community/>
                            <snmp_oid/>
                            <key>cloudwatch.metric[600,FreeStorageSpace,AWS/RDS,Average,{$REGION},DBInstanceIdentifier={#RDS_ID},{$ACCOUNT}]</key>
                            <delay>600</delay>
                            <history>90d</history>
                            <trends>365d</trends>
                            <status>0</status>
                            <value_type>3</value_type>
                            <allowed_hosts/>
                            <units>B</units>
                            <snmpv3_contextname/>
                            <snmpv3_securityname/>
                            <snmpv3_securitylevel>0</snmpv3_securitylevel>
                            <snmpv3_authprotocol>0</snmpv3_authprotocol>
                            <snmpv3_authpassphrase/>
                            <snmpv3_privprotocol>0</snmpv3_privprotocol>
                            <snmpv3_privpassphrase/>
                            <params/>
                            <ipmi_sensor/>
                            <authtype>0</authtype>
                            <username/>
                            <password/>
                            <publickey/>
                            <privatekey/>
                            <port/>
                            <description/>
                            <inventory_link>0</inventory_link>
                            <applications>
                                <application>
                                    <name>RDS Storage</name>
                                </application>
                            </applications>
                            <valuemap/>
                            <logtimefmt/>
                            <preprocessing/>
                            <jmx_endpoint/>
                            <application_prototypes/>
                            <master_item_prototype/>
                        </item_prototype>
                        <item_prototype>
                            <name>{#RDS_ID} % free storage space</name>
                            <type>15</type>
                            <snmp_community/>
                            <snmp_oid/>
                            <key>freepercent[{#RDS_ID}]</key>
                            <delay>600</delay>
                            <history>90d</history>
                            <trends>365d</trends>
                            <status>0</status>
                            <value_type>0</value_type>
                            <allowed_hosts/>
                            <units>%</units>
                            <snmpv3_contextname/>
                            <snmpv3_securityname/>
                            <snmpv3_securitylevel>0</snmpv3_securitylevel>
                            <snmpv3_authprotocol>0</snmpv3_authprotocol>
                            <snmpv3_authpassphrase/>
                            <snmpv3_privprotocol>0</snmpv3_privprotocol>
                            <snmpv3_privpassphrase/>
                            <params>last(&quot;cloudwatch.metric[600,FreeStorageSpace,AWS/RDS,Average,{$REGION},DBInstanceIdentifier={#RDS_ID},{$ACCOUNT}]&quot;)/({#STORAGE}/100)</params>
                            <ipmi_sensor/>
                            <authtype>0</authtype>
                            <username/>
                            <password/>
                            <publickey/>
                            <privatekey/>
                            <port/>
                            <description/>
                            <inventory_link>0</inventory_link>
                            <applications>
                                <application>
                                    <name>RDS Storage</name>
                                </application>
                            </applications>
                            <valuemap/>
                            <logtimefmt/>
                            <preprocessing/>
                            <jmx_endpoint/>
                            <application_prototypes/>
                            <master_item_prototype/>
                        </item_prototype>
                    </item_prototypes>
                    <trigger_prototypes>
                        <trigger_prototype>
                            <expression>{Cloudwatch Template:cloudwatch.metric[600,CPUUtilization,AWS/RDS,Average,{$REGION},DBInstanceIdentifier={#RDS_ID},{$ACCOUNT}].last()}=-1 or {Cloudwatch Template:cloudwatch.metric[600,FreeStorageSpace,AWS/RDS,Average,{$REGION},DBInstanceIdentifier={#RDS_ID},{$ACCOUNT}].last()}=-1</expression>
                            <recovery_mode>0</recovery_mode>
                            <recovery_expression/>
                            <name>RDS: {#RDS_ID} has no datapoints</name>
                            <correlation_mode>0</correlation_mode>
                            <correlation_tag/>
                            <url/>
                            <status>0</status>
                            <priority>1</priority>
                            <description>1. Your item is incorrectly configured (dimension, namespace, metric name could be wrong)&#13;
                                2. Instance was terminated and this item will disappear after next discovery</description>
                            <type>0</type>
                            <manual_close>0</manual_close>
                            <dependencies/>
                            <tags/>
                        </trigger_prototype>
                        <trigger_prototype>
                            <expression>{Cloudwatch Template:cloudwatch.metric[600,CPUUtilization,AWS/RDS,Average,{$REGION},DBInstanceIdentifier={#RDS_ID},{$ACCOUNT}].avg(#2)}&gt;80</expression>
                            <recovery_mode>0</recovery_mode>
                            <recovery_expression/>
                            <name>RDS: {#RDS_ID} high CPU usage</name>
                            <correlation_mode>0</correlation_mode>
                            <correlation_tag/>
                            <url/>
                            <status>0</status>
                            <priority>4</priority>
                            <description>{ITEM.VALUE}</description>
                            <type>0</type>
                            <manual_close>0</manual_close>
                            <dependencies/>
                            <tags/>
                        </trigger_prototype>
                        <trigger_prototype>
                            <expression>{Cloudwatch Template:freepercent[{#RDS_ID}].last()}&lt;20</expression>
                            <recovery_mode>0</recovery_mode>
                            <recovery_expression/>
                            <name>RDS: {#RDS_ID} low on space</name>
                            <correlation_mode>0</correlation_mode>
                            <correlation_tag/>
                            <url/>
                            <status>0</status>
                            <priority>4</priority>
                            <description>{ITEM.VALUE} left</description>
                            <type>0</type>
                            <manual_close>0</manual_close>
                            <dependencies/>
                            <tags/>
                        </trigger_prototype>
                    </trigger_prototypes>
                    <graph_prototypes>
                        <graph_prototype>
                            <name>{#RDS_ID} free storage space</name>
                            <width>900</width>
                            <height>300</height>
                            <yaxismin>0.0000</yaxismin>
                            <yaxismax>100.0000</yaxismax>
                            <show_work_period>1</show_work_period>
                            <show_triggers>1</show_triggers>
                            <type>0</type>
                            <show_legend>1</show_legend>
                            <show_3d>0</show_3d>
                            <percent_left>0.0000</percent_left>
                            <percent_right>0.0000</percent_right>
                            <ymin_type_1>0</ymin_type_1>
                            <ymax_type_1>0</ymax_type_1>
                            <ymin_item_1>0</ymin_item_1>
                            <ymax_item_1>0</ymax_item_1>
                            <graph_items>
                                <graph_item>
                                    <sortorder>0</sortorder>
                                    <drawtype>0</drawtype>
                                    <color>1A7C11</color>
                                    <yaxisside>0</yaxisside>
                                    <calc_fnc>2</calc_fnc>
                                    <type>0</type>
                                    <item>
                                        <host>Cloudwatch Template</host>
                                        <key>cloudwatch.metric[600,FreeStorageSpace,AWS/RDS,Average,{$REGION},DBInstanceIdentifier={#RDS_ID},{$ACCOUNT}]</key>
                                    </item>
                                </graph_item>
                            </graph_items>
                        </graph_prototype>
                    </graph_prototypes>
                    <host_prototypes/>
                    <jmx_endpoint/>
                </discovery_rule>
                <discovery_rule>
                    <name>S3 discovery</name>
                    <type>10</type>
                    <snmp_community/>
                    <snmp_oid/>
                    <key>aws.discovery[s3,{$REGION},{$ACCOUNT}]</key>
                    <delay>3600</delay>
                    <status>0</status>
                    <allowed_hosts/>
                    <snmpv3_contextname/>
                    <snmpv3_securityname/>
                    <snmpv3_securitylevel>0</snmpv3_securitylevel>
                    <snmpv3_authprotocol>0</snmpv3_authprotocol>
                    <snmpv3_authpassphrase/>
                    <snmpv3_privprotocol>0</snmpv3_privprotocol>
                    <snmpv3_privpassphrase/>
                    <params/>
                    <ipmi_sensor/>
                    <authtype>0</authtype>
                    <username/>
                    <password/>
                    <publickey/>
                    <privatekey/>
                    <port/>
                    <filter>
                        <evaltype>0</evaltype>
                        <formula/>
                        <conditions/>
                    </filter>
                    <lifetime>0</lifetime>
                    <description/>
                    <item_prototypes>
                        <item_prototype>
                            <name>{#BUCKET_NAME} Bucket Size</name>
                            <type>10</type>
                            <snmp_community/>
                            <snmp_oid/>
                            <key>cloudwatch.metric[600,BucketSizeBytes,AWS/S3,Average,{$REGION},&quot;BucketName={#BUCKET_NAME},StorageType=StandardStorage&quot;,{$ACCOUNT}]</key>
                            <delay>600</delay>
                            <history>90d</history>
                            <trends>365d</trends>
                            <status>0</status>
                            <value_type>0</value_type>
                            <allowed_hosts/>
                            <units>Bytes</units>
                            <snmpv3_contextname/>
                            <snmpv3_securityname/>
                            <snmpv3_securitylevel>0</snmpv3_securitylevel>
                            <snmpv3_authprotocol>0</snmpv3_authprotocol>
                            <snmpv3_authpassphrase/>
                            <snmpv3_privprotocol>0</snmpv3_privprotocol>
                            <snmpv3_privpassphrase/>
                            <params/>
                            <ipmi_sensor/>
                            <authtype>0</authtype>
                            <username/>
                            <password/>
                            <publickey/>
                            <privatekey/>
                            <port/>
                            <description/>
                            <inventory_link>0</inventory_link>
                            <applications>
                                <application>
                                    <name>S3</name>
                                </application>
                            </applications>
                            <valuemap/>
                            <logtimefmt/>
                            <preprocessing/>
                            <jmx_endpoint/>
                            <application_prototypes/>
                            <master_item_prototype/>
                        </item_prototype>
                        <item_prototype>
                            <name>{#BUCKET_NAME} Number Of Objects</name>
                            <type>10</type>
                            <snmp_community/>
                            <snmp_oid/>
                            <key>cloudwatch.metric[600,NumberOfObjects,AWS/S3,Average,{$REGION},&quot;BucketName={#BUCKET_NAME},StorageType=AllStorageTypes&quot;,{$ACCOUNT}]</key>
                            <delay>600</delay>
                            <history>90d</history>
                            <trends>365d</trends>
                            <status>0</status>
                            <value_type>0</value_type>
                            <allowed_hosts/>
                            <units>Objects</units>
                            <snmpv3_contextname/>
                            <snmpv3_securityname/>
                            <snmpv3_securitylevel>0</snmpv3_securitylevel>
                            <snmpv3_authprotocol>0</snmpv3_authprotocol>
                            <snmpv3_authpassphrase/>
                            <snmpv3_privprotocol>0</snmpv3_privprotocol>
                            <snmpv3_privpassphrase/>
                            <params/>
                            <ipmi_sensor/>
                            <authtype>0</authtype>
                            <username/>
                            <password/>
                            <publickey/>
                            <privatekey/>
                            <port/>
                            <description/>
                            <inventory_link>0</inventory_link>
                            <applications>
                                <application>
                                    <name>S3</name>
                                </application>
                            </applications>
                            <valuemap/>
                            <logtimefmt/>
                            <preprocessing/>
                            <jmx_endpoint/>
                            <application_prototypes/>
                            <master_item_prototype/>
                        </item_prototype>
                    </item_prototypes>
                    <trigger_prototypes>
                        <trigger_prototype>
                            <expression>{Cloudwatch Template:cloudwatch.metric[600,BucketSizeBytes,AWS/S3,Average,{$REGION},&quot;BucketName={#BUCKET_NAME},StorageType=StandardStorage&quot;,{$ACCOUNT}].last()}=-1 or&#13;
                                {Cloudwatch Template:cloudwatch.metric[600,NumberOfObjects,AWS/S3,Average,{$REGION},&quot;BucketName={#BUCKET_NAME},StorageType=AllStorageTypes&quot;,{$ACCOUNT}].last()}=-1</expression>
                            <recovery_mode>0</recovery_mode>
                            <recovery_expression/>
                            <name>S3: {#BUCKET_NAME} has no datapoints</name>
                            <correlation_mode>0</correlation_mode>
                            <correlation_tag/>
                            <url/>
                            <status>0</status>
                            <priority>1</priority>
                            <description>1. Your item is incorrectly configured (dimension, namespace, metric name could be wrong)&#13;
                                2. Instance was terminated and this item will disappear after next discovery</description>
                            <type>0</type>
                            <manual_close>0</manual_close>
                            <dependencies/>
                            <tags/>
                        </trigger_prototype>
                    </trigger_prototypes>
                    <graph_prototypes>
                        <graph_prototype>
                            <name>{#BUCKET_NAME} Bucket Size</name>
                            <width>900</width>
                            <height>200</height>
                            <yaxismin>0.0000</yaxismin>
                            <yaxismax>100.0000</yaxismax>
                            <show_work_period>1</show_work_period>
                            <show_triggers>1</show_triggers>
                            <type>0</type>
                            <show_legend>1</show_legend>
                            <show_3d>0</show_3d>
                            <percent_left>0.0000</percent_left>
                            <percent_right>0.0000</percent_right>
                            <ymin_type_1>0</ymin_type_1>
                            <ymax_type_1>0</ymax_type_1>
                            <ymin_item_1>0</ymin_item_1>
                            <ymax_item_1>0</ymax_item_1>
                            <graph_items>
                                <graph_item>
                                    <sortorder>0</sortorder>
                                    <drawtype>0</drawtype>
                                    <color>1A7C11</color>
                                    <yaxisside>0</yaxisside>
                                    <calc_fnc>2</calc_fnc>
                                    <type>0</type>
                                    <item>
                                        <host>Cloudwatch Template</host>
                                        <key>cloudwatch.metric[600,BucketSizeBytes,AWS/S3,Average,{$REGION},&quot;BucketName={#BUCKET_NAME},StorageType=StandardStorage&quot;,{$ACCOUNT}]</key>
                                    </item>
                                </graph_item>
                            </graph_items>
                        </graph_prototype>
                        <graph_prototype>
                            <name>{#BUCKET_NAME} Number of Objects</name>
                            <width>900</width>
                            <height>200</height>
                            <yaxismin>0.0000</yaxismin>
                            <yaxismax>100.0000</yaxismax>
                            <show_work_period>1</show_work_period>
                            <show_triggers>1</show_triggers>
                            <type>0</type>
                            <show_legend>1</show_legend>
                            <show_3d>0</show_3d>
                            <percent_left>0.0000</percent_left>
                            <percent_right>0.0000</percent_right>
                            <ymin_type_1>0</ymin_type_1>
                            <ymax_type_1>0</ymax_type_1>
                            <ymin_item_1>0</ymin_item_1>
                            <ymax_item_1>0</ymax_item_1>
                            <graph_items>
                                <graph_item>
                                    <sortorder>0</sortorder>
                                    <drawtype>0</drawtype>
                                    <color>1A7C11</color>
                                    <yaxisside>0</yaxisside>
                                    <calc_fnc>2</calc_fnc>
                                    <type>0</type>
                                    <item>
                                        <host>Cloudwatch Template</host>
                                        <key>cloudwatch.metric[600,NumberOfObjects,AWS/S3,Average,{$REGION},&quot;BucketName={#BUCKET_NAME},StorageType=AllStorageTypes&quot;,{$ACCOUNT}]</key>
                                    </item>
                                </graph_item>
                            </graph_items>
                        </graph_prototype>
                    </graph_prototypes>
                    <host_prototypes/>
                    <jmx_endpoint/>
                </discovery_rule>
            </discovery_rules>
            <httptests/>
            <macros>
                <macro>
                    <macro>{$ACCOUNT}</macro>
                    <value/>
                </macro>
                <macro>
                    <macro>{$REGION}</macro>
                    <value/>
                </macro>
            </macros>
            <templates/>
            <screens/>
        </template>
    </templates>
</zabbix_export>
